motif	seurat_clusters	p_val	avg_log2FC	pct.1	pct.2	p_val_adj
MA0482.2	1	0.0036941530172334668	0.4647994832786959	0.78	0.52	1
MA0482.2	1	0.005699245050692088	0.6173472727980378	0.56	0.3	1
MA0482.2	1	0.007257955038736991	0.4181782204771678	0.76	0.54	1
MA0482.2	0	0.0036941530172334668	-0.4647994832786959	0.52	0.78	1
MA0482.2	0	0.005699245050692088	-0.6173472727980378	0.3	0.56	1
MA0482.2	0	0.007257955038736991	-0.4181782204771678	0.54	0.76	1
